Workbook
Name SPARK_COUNT: #REF!
Name RATE: 'Kitasan Black Rate Up'!$B$2
Name CHANCE_TO_GET_ATLEAST_X: LAMBDA(pulls, rate, atleast_x, IF(atleast_x = 0, 1, 1-BINOMDIST(atleast_x-1, pulls, rate, true)))

Sheet Kitasan Black Rate Up
B1: RATE
B2: 0.0075
E4: Chance of getting at least a certain limit break (sparks included) | K4: Approximate inverse chances as seen in previous table (might be more intuitive for some values) | Q4: Chance of getting ZERO rate ups before 200 pulls
B5: Pulls | E5: 0LB | F5: 1LB | G5: 2LB | H5: 3LB | I5: 4LB / MLB | K5: 0LB | L5: 1LB | M5: 2LB | N5: 3LB | O5: 4LB / MLB
B6: 10 | E6: =CHANCE_TO_GET_ATLEAST_X($B6,RATE,'__CopiesRequired'!C3) -> 0.072518716 | F6: =CHANCE_TO_GET_ATLEAST_X($B6,RATE,'__CopiesRequired'!D3) -> 0.0024319696 | G6: =CHANCE_TO_GET_ATLEAST_X($B6,RATE,'__CopiesRequired'!E3) -> 4.866715e-05 | H6: =CHANCE_TO_GET_ATLEAST_X($B6,RATE,'__CopiesRequired'!F3) -> 6.4090338e-07 | I6: =CHANCE_TO_GET_ATLEAST_X($B6,RATE,'__CopiesRequired'!G3) -> 5.7955872e-09 | K6: =APPROX_ONE_IN_X(1/E6) -> 1 in 14 | L6: =APPROX_ONE_IN_X(1/F6) -> 1 in 411 | M6: =APPROX_ONE_IN_X(1/G6) -> 1 in 20,548 | N6: =APPROX_ONE_IN_X(1/H6) -> 1 in 1.6 million | O6: =APPROX_ONE_IN_X(1/I6) -> 1 in 172.5 million | Q6: =1-E6 -> 0.92748128
B7: 20 | E7: =CHANCE_TO_GET_ATLEAST_X($B7,RATE,'__CopiesRequired'!C4) -> 0.13977847 | F7: =CHANCE_TO_GET_ATLEAST_X($B7,RATE,'__CopiesRequired'!D4) -> 0.0097701769 | G7: =CHANCE_TO_GET_ATLEAST_X($B7,RATE,'__CopiesRequired'!E4) -> 0.0004370879 | H7: =CHANCE_TO_GET_ATLEAST_X($B7,RATE,'__CopiesRequired'!F4) -> 1.3925172e-05 | I7: =CHANCE_TO_GET_ATLEAST_X($B7,RATE,'__CopiesRequired'!G4) -> 3.3493383e-07 | K7: =APPROX_ONE_IN_X(1/E7) -> 1 in 7.15 | L7: =APPROX_ONE_IN_X(1/F7) -> 1 in 102 | M7: =APPROX_ONE_IN_X(1/G7) -> 1 in 2,288 | N7: =APPROX_ONE_IN_X(1/H7) -> 1 in 71,812 | O7: =APPROX_ONE_IN_X(1/I7) -> 1 in 3 million | Q7: =1-E7 -> 0.86022153
B8: 30 | E8: =CHANCE_TO_GET_ATLEAST_X($B8,RATE,'__CopiesRequired'!C5) -> 0.20216063 | F8: =CHANCE_TO_GET_ATLEAST_X($B8,RATE,'__CopiesRequired'!D5) -> 0.021290244 | G8: =CHANCE_TO_GET_ATLEAST_X($B8,RATE,'__CopiesRequired'!E5) -> 0.0014719523 | H8: =CHANCE_TO_GET_ATLEAST_X($B8,RATE,'__CopiesRequired'!F5) -> 7.4188631e-05 | I8: =CHANCE_TO_GET_ATLEAST_X($B8,RATE,'__CopiesRequired'!G5) -> 2.8921225e-06 | K8: =APPROX_ONE_IN_X(1/E8) -> 1 in 4.95 | L8: =APPROX_ONE_IN_X(1/F8) -> 1 in 47 | M8: =APPROX_ONE_IN_X(1/G8) -> 1 in 679 | N8: =APPROX_ONE_IN_X(1/H8) -> 1 in 13,479 | O8: =APPROX_ONE_IN_X(1/I8) -> 1 in 345,767 | Q8: =1-E8 -> 0.79783937
B9: 40 | E9: =CHANCE_TO_GET_ATLEAST_X($B9,RATE,'__CopiesRequired'!C6) -> 0.26001892 | F9: =CHANCE_TO_GET_ATLEAST_X($B9,RATE,'__CopiesRequired'!D6) -> 0.036347053 | G9: =CHANCE_TO_GET_ATLEAST_X($B9,RATE,'__CopiesRequired'!E6) -> 0.0033878492 | H9: =CHANCE_TO_GET_ATLEAST_X($B9,RATE,'__CopiesRequired'!F6) -> 0.00023306392 | I9: =CHANCE_TO_GET_ATLEAST_X($B9,RATE,'__CopiesRequired'!G6) -> 1.2546817e-05 | K9: =APPROX_ONE_IN_X(1/E9) -> 1 in 3.85 | L9: =APPROX_ONE_IN_X(1/F9) -> 1 in 28 | M9: =APPROX_ONE_IN_X(1/G9) -> 1 in 295 | N9: =APPROX_ONE_IN_X(1/H9) -> 1 in 4,291 | O9: =APPROX_ONE_IN_X(1/I9) -> 1 in 79,701 | Q9: =1-E9 -> 0.73998108
B10: 50 | E10: =CHANCE_TO_GET_ATLEAST_X($B10,RATE,'__CopiesRequired'!C7) -> 0.3136814 | F10: =CHANCE_TO_GET_ATLEAST_X($B10,RATE,'__CopiesRequired'!D7) -> 0.054367061 | G10: =CHANCE_TO_GET_ATLEAST_X($B10,RATE,'__CopiesRequired'!E7) -> 0.0063579843 | H10: =CHANCE_TO_GET_ATLEAST_X($B10,RATE,'__CopiesRequired'!F7) -> 0.00055336041 | I10: =CHANCE_TO_GET_ATLEAST_X($B10,RATE,'__CopiesRequired'!G7) -> 3.7962447e-05 | K10: =APPROX_ONE_IN_X(1/E10) -> 1 in 3.19 | L10: =APPROX_ONE_IN_X(1/F10) -> 1 in 18 | M10: =APPROX_ONE_IN_X(1/G10) -> 1 in 157 | N10: =APPROX_ONE_IN_X(1/H10) -> 1 in 1,807 | O10: =APPROX_ONE_IN_X(1/I10) -> 1 in 26,342 | Q10: =1-E10 -> 0.6863186
B11: 60 | E11: =CHANCE_TO_GET_ATLEAST_X($B11,RATE,'__CopiesRequired'!C8) -> 0.36345234 | F11: =CHANCE_TO_GET_ATLEAST_X($B11,RATE,'__CopiesRequired'!D8) -> 0.07484131 | G11: =CHANCE_TO_GET_ATLEAST_X($B11,RATE,'__CopiesRequired'!E8) -> 0.010503587 | H11: =CHANCE_TO_GET_ATLEAST_X($B11,RATE,'__CopiesRequired'!F8) -> 0.0011041209 | I11: =CHANCE_TO_GET_ATLEAST_X($B11,RATE,'__CopiesRequired'!G8) -> 9.1961753e-05 | K11: =APPROX_ONE_IN_X(1/E11) -> 1 in 2.75 | L11: =APPROX_ONE_IN_X(1/F11) -> 1 in 13 | M11: =APPROX_ONE_IN_X(1/G11) -> 1 in 95 | N11: =APPROX_ONE_IN_X(1/H11) -> 1 in 906 | O11: =APPROX_ONE_IN_X(1/I11) -> 1 in 10,874 | Q11: =1-E11 -> 0.63654766
B12: 70 | E12: =CHANCE_TO_GET_ATLEAST_X($B12,RATE,'__CopiesRequired'!C9) -> 0.40961396 | F12: =CHANCE_TO_GET_ATLEAST_X($B12,RATE,'__CopiesRequired'!D9) -> 0.097319076 | G12: =CHANCE_TO_GET_ATLEAST_X($B12,RATE,'__CopiesRequired'!E9) -> 0.015902148 | H12: =CHANCE_TO_GET_ATLEAST_X($B12,RATE,'__CopiesRequired'!F9) -> 0.0019566793 | I12: =CHANCE_TO_GET_ATLEAST_X($B12,RATE,'__CopiesRequired'!G9) -> 0.00019154124 | K12: =APPROX_ONE_IN_X(1/E12) -> 1 in 2.44 | L12: =APPROX_ONE_IN_X(1/F12) -> 1 in 10 | M12: =APPROX_ONE_IN_X(1/G12) -> 1 in 63 | N12: =APPROX_ONE_IN_X(1/H12) -> 1 in 511 | O12: =APPROX_ONE_IN_X(1/I12) -> 1 in 5,221 | Q12: =1-E12 -> 0.59038604
B13: 80 | E13: =CHANCE_TO_GET_ATLEAST_X($B13,RATE,'__CopiesRequired'!C10) -> 0.452428 | F13: =CHANCE_TO_GET_ATLEAST_X($B13,RATE,'__CopiesRequired'!D10) -> 0.1214021 | G13: =CHANCE_TO_GET_ATLEAST_X($B13,RATE,'__CopiesRequired'!E10) -> 0.022594623 | H13: =CHANCE_TO_GET_ATLEAST_X($B13,RATE,'__CopiesRequired'!F10) -> 0.0031815672 | I13: =CHANCE_TO_GET_ATLEAST_X($B13,RATE,'__CopiesRequired'!G10) -> 0.00035762765 | K13: =APPROX_ONE_IN_X(1/E13) -> 1 in 2.21 | L13: =APPROX_ONE_IN_X(1/F13) -> 1 in 8.24 | M13: =APPROX_ONE_IN_X(1/G13) -> 1 in 44 | N13: =APPROX_ONE_IN_X(1/H13) -> 1 in 314 | O13: =APPROX_ONE_IN_X(1/I13) -> 1 in 2,796 | Q13: =1-E13 -> 0.547572
B14: 90 | E14: =CHANCE_TO_GET_ATLEAST_X($B14,RATE,'__CopiesRequired'!C11) -> 0.49213722 | F14: =CHANCE_TO_GET_ATLEAST_X($B14,RATE,'__CopiesRequired'!D11) -> 0.14673935 | G14: =CHANCE_TO_GET_ATLEAST_X($B14,RATE,'__CopiesRequired'!E11) -> 0.030591708 | H14: =CHANCE_TO_GET_ATLEAST_X($B14,RATE,'__CopiesRequired'!F11) -> 0.0048461349 | I14: =CHANCE_TO_GET_ATLEAST_X($B14,RATE,'__CopiesRequired'!G11) -> 0.00061465209 | K14: =APPROX_ONE_IN_X(1/E14) -> 1 in 2.03 | L14: =APPROX_ONE_IN_X(1/F14) -> 1 in 6.81 | M14: =APPROX_ONE_IN_X(1/G14) -> 1 in 33 | N14: =APPROX_ONE_IN_X(1/H14) -> 1 in 206 | O14: =APPROX_ONE_IN_X(1/I14) -> 1 in 1,627 | Q14: =1-E14 -> 0.50786278
B15: 100 | E15: =CHANCE_TO_GET_ATLEAST_X($B15,RATE,'__CopiesRequired'!C12) -> 0.52896677 | F15: =CHANCE_TO_GET_ATLEAST_X($B15,RATE,'__CopiesRequired'!D12) -> 0.17302227 | G15: =CHANCE_TO_GET_ATLEAST_X($B15,RATE,'__CopiesRequired'!E12) -> 0.0398793 | H15: =CHANCE_TO_GET_ATLEAST_X($B15,RATE,'__CopiesRequired'!F12) -> 0.0070127734 | I15: =CHANCE_TO_GET_ATLEAST_X($B15,RATE,'__CopiesRequired'!G12) -> 0.00099000313 | K15: =APPROX_ONE_IN_X(1/E15) -> 1 in 1.89 | L15: =APPROX_ONE_IN_X(1/F15) -> 1 in 5.78 | M15: =APPROX_ONE_IN_X(1/G15) -> 1 in 25 | N15: =APPROX_ONE_IN_X(1/H15) -> 1 in 143 | O15: =APPROX_ONE_IN_X(1/I15) -> 1 in 1,010 | Q15: =1-E15 -> 0.47103323
B16: 110 | E16: =CHANCE_TO_GET_ATLEAST_X($B16,RATE,'__CopiesRequired'!C13) -> 0.5631255 | F16: =CHANCE_TO_GET_ATLEAST_X($B16,RATE,'__CopiesRequired'!D13) -> 0.19998045 | G16: =CHANCE_TO_GET_ATLEAST_X($B16,RATE,'__CopiesRequired'!E13) -> 0.050423227 | H16: =CHANCE_TO_GET_ATLEAST_X($B16,RATE,'__CopiesRequired'!F13) -> 0.0097376361 | I16: =CHANCE_TO_GET_ATLEAST_X($B16,RATE,'__CopiesRequired'!G13) -> 0.0015134076 | K16: =APPROX_ONE_IN_X(1/E16) -> 1 in 1.78 | L16: =APPROX_ONE_IN_X(1/F16) -> 1 in 5 | M16: =APPROX_ONE_IN_X(1/G16) -> 1 in 20 | N16: =APPROX_ONE_IN_X(1/H16) -> 1 in 103 | O16: =APPROX_ONE_IN_X(1/I16) -> 1 in 661 | Q16: =1-E16 -> 0.4368745
B17: 120 | E17: =CHANCE_TO_GET_ATLEAST_X($B17,RATE,'__CopiesRequired'!C14) -> 0.59480708 | F17: =CHANCE_TO_GET_ATLEAST_X($B17,RATE,'__CopiesRequired'!D14) -> 0.22737772 | G17: =CHANCE_TO_GET_ATLEAST_X($B17,RATE,'__CopiesRequired'!E14) -> 0.062173344 | H17: =CHANCE_TO_GET_ATLEAST_X($B17,RATE,'__CopiesRequired'!F14) -> 0.013069775 | I17: =CHANCE_TO_GET_ATLEAST_X($B17,RATE,'__CopiesRequired'!G14) -> 0.002216278 | K17: =APPROX_ONE_IN_X(1/E17) -> 1 in 1.68 | L17: =APPROX_ONE_IN_X(1/F17) -> 1 in 4.4 | M17: =APPROX_ONE_IN_X(1/G17) -> 1 in 16 | N17: =APPROX_ONE_IN_X(1/H17) -> 1 in 77 | O17: =APPROX_ONE_IN_X(1/I17) -> 1 in 451 | Q17: =1-E17 -> 0.40519292
... B24: 190 | E24: =CHANCE_TO_GET_ATLEAST_X($B24,RATE,'__CopiesRequired'!C21) -> 0.76077975 | F24: =CHANCE_TO_GET_ATLEAST_X($B24,RATE,'__CopiesRequired'!D21) -> 0.41731492 | G24: =CHANCE_TO_GET_ATLEAST_X($B24,RATE,'__CopiesRequired'!E21) -> 0.17204469 | H24: =CHANCE_TO_GET_ATLEAST_X($B24,RATE,'__CopiesRequired'!F21) -> 0.055896568 | I24: =CHANCE_TO_GET_ATLEAST_X($B24,RATE,'__CopiesRequired'!G21) -> 0.014864393 | K24: =APPROX_ONE_IN_X(1/E24) -> 1 in 1.31 | L24: =APPROX_ONE_IN_X(1/F24) -> 1 in 2.4 | M24: =APPROX_ONE_IN_X(1/G24) -> 1 in 5.81 | N24: =APPROX_ONE_IN_X(1/H24) -> 1 in 18 | O24: =APPROX_ONE_IN_X(1/I24) -> 1 in 67 | Q24: =1-E24 -> 0.23922025
B25: 200 | E25: =CHANCE_TO_GET_ATLEAST_X($B25,RATE,'__CopiesRequired'!C22) -> 1 | F25: =CHANCE_TO_GET_ATLEAST_X($B25,RATE,'__CopiesRequired'!D22) -> 0.7781277 | G25: =CHANCE_TO_GET_ATLEAST_X($B25,RATE,'__CopiesRequired'!E22) -> 0.44280432 | H25: =CHANCE_TO_GET_ATLEAST_X($B25,RATE,'__CopiesRequired'!F22) -> 0.19067831 | I25: =CHANCE_TO_GET_ATLEAST_X($B25,RATE,'__CopiesRequired'!G22) -> 0.064932839 | K25: =APPROX_ONE_IN_X(1/E25) -> 1 in 1 | L25: =APPROX_ONE_IN_X(1/F25) -> 1 in 1.29 | M25: =APPROX_ONE_IN_X(1/G25) -> 1 in 2.26 | N25: =APPROX_ONE_IN_X(1/H25) -> 1 in 5.24 | O25: =APPROX_ONE_IN_X(1/I25) -> 1 in 15 | Q25: SPARK
B26: 210 | E26: =CHANCE_TO_GET_ATLEAST_X($B26,RATE,'__CopiesRequired'!C23) -> 1 | F26: =CHANCE_TO_GET_ATLEAST_X($B26,RATE,'__CopiesRequired'!D23) -> 0.79421759 | G26: =CHANCE_TO_GET_ATLEAST_X($B26,RATE,'__CopiesRequired'!E23) -> 0.46766113 | H26: =CHANCE_TO_GET_ATLEAST_X($B26,RATE,'__CopiesRequired'!F23) -> 0.20978846 | I26: =CHANCE_TO_GET_ATLEAST_X($B26,RATE,'__CopiesRequired'!G23) -> 0.074681364 | K26: =APPROX_ONE_IN_X(1/E26) -> 1 in 1 | L26: =APPROX_ONE_IN_X(1/F26) -> 1 in 1.26 | M26: =APPROX_ONE_IN_X(1/G26) -> 1 in 2.14 | N26: =APPROX_ONE_IN_X(1/H26) -> 1 in 4.77 | O26: =APPROX_ONE_IN_X(1/I26) -> 1 in 13
B27: 220 | E27: =CHANCE_TO_GET_ATLEAST_X($B27,RATE,'__CopiesRequired'!C24) -> 1 | F27: =CHANCE_TO_GET_ATLEAST_X($B27,RATE,'__CopiesRequired'!D24) -> 0.80914067 | G27: =CHANCE_TO_GET_ATLEAST_X($B27,RATE,'__CopiesRequired'!E24) -> 0.49184304 | H27: =CHANCE_TO_GET_ATLEAST_X($B27,RATE,'__CopiesRequired'!F24) -> 0.22929324 | I27: =CHANCE_TO_GET_ATLEAST_X($B27,RATE,'__CopiesRequired'!G24) -> 0.08512232 | K27: =APPROX_ONE_IN_X(1/E27) -> 1 in 1 | L27: =APPROX_ONE_IN_X(1/F27) -> 1 in 1.24 | M27: =APPROX_ONE_IN_X(1/G27) -> 1 in 2.03 | N27: =APPROX_ONE_IN_X(1/H27) -> 1 in 4.36 | O27: =APPROX_ONE_IN_X(1/I27) -> 1 in 12
B28: 230 | E28: =CHANCE_TO_GET_ATLEAST_X($B28,RATE,'__CopiesRequired'!C25) -> 1 | F28: =CHANCE_TO_GET_ATLEAST_X($B28,RATE,'__CopiesRequired'!D25) -> 0.82298154 | G28: =CHANCE_TO_GET_ATLEAST_X($B28,RATE,'__CopiesRequired'!E25) -> 0.51531722 | H28: =CHANCE_TO_GET_ATLEAST_X($B28,RATE,'__CopiesRequired'!F25) -> 0.24911396 | I28: =CHANCE_TO_GET_ATLEAST_X($B28,RATE,'__CopiesRequired'!G25) -> 0.096231487 | K28: =APPROX_ONE_IN_X(1/E28) -> 1 in 1 | L28: =APPROX_ONE_IN_X(1/F28) -> 1 in 1.22 | M28: =APPROX_ONE_IN_X(1/G28) -> 1 in 1.94 | N28: =APPROX_ONE_IN_X(1/H28) -> 1 in 4.01 | O28: =APPROX_ONE_IN_X(1/I28) -> 1 in 10
B29: 240 | E29: =CHANCE_TO_GET_ATLEAST_X($B29,RATE,'__CopiesRequired'!C26) -> 1 | F29: =CHANCE_TO_GET_ATLEAST_X($B29,RATE,'__CopiesRequired'!D26) -> 0.83581869 | G29: =CHANCE_TO_GET_ATLEAST_X($B29,RATE,'__CopiesRequired'!E26) -> 0.53805915 | H29: =CHANCE_TO_GET_ATLEAST_X($B29,RATE,'__CopiesRequired'!F26) -> 0.26917553 | I29: =CHANCE_TO_GET_ATLEAST_X($B29,RATE,'__CopiesRequired'!G26) -> 0.10798081 | K29: =APPROX_ONE_IN_X(1/E29) -> 1 in 1 | L29: =APPROX_ONE_IN_X(1/F29) -> 1 in 1.2 | M29: =APPROX_ONE_IN_X(1/G29) -> 1 in 1.86 | N29: =APPROX_ONE_IN_X(1/H29) -> 1 in 3.72 | O29: =APPROX_ONE_IN_X(1/I29) -> 1 in 9.26
B30: 250 | E30: =CHANCE_TO_GET_ATLEAST_X($B30,RATE,'__CopiesRequired'!C27) -> 1 | F30: =CHANCE_TO_GET_ATLEAST_X($B30,RATE,'__CopiesRequired'!D27) -> 0.84772491 | G30: =CHANCE_TO_GET_ATLEAST_X($B30,RATE,'__CopiesRequired'!E27) -> 0.56005157 | H30: =CHANCE_TO_GET_ATLEAST_X($B30,RATE,'__CopiesRequired'!F27) -> 0.28940676 | I30: =CHANCE_TO_GET_ATLEAST_X($B30,RATE,'__CopiesRequired'!G27) -> 0.12033896 | K30: =APPROX_ONE_IN_X(1/E30) -> 1 in 1 | L30: =APPROX_ONE_IN_X(1/F30) -> 1 in 1.18 | M30: =APPROX_ONE_IN_X(1/G30) -> 1 in 1.79 | N30: =APPROX_ONE_IN_X(1/H30) -> 1 in 3.46 | O30: =APPROX_ONE_IN_X(1/I30) -> 1 in 8.31
B31: 260 | E31: =CHANCE_TO_GET_ATLEAST_X($B31,RATE,'__CopiesRequired'!C28) -> 1 | F31: =CHANCE_TO_GET_ATLEAST_X($B31,RATE,'__CopiesRequired'!D28) -> 0.85876771 | G31: =CHANCE_TO_GET_ATLEAST_X($B31,RATE,'__CopiesRequired'!E28) -> 0.5812836 | H31: =CHANCE_TO_GET_ATLEAST_X($B31,RATE,'__CopiesRequired'!F28) -> 0.30974059 | I31: =CHANCE_TO_GET_ATLEAST_X($B31,RATE,'__CopiesRequired'!G28) -> 0.13327184 | K31: =APPROX_ONE_IN_X(1/E31) -> 1 in 1 | L31: =APPROX_ONE_IN_X(1/F31) -> 1 in 1.16 | M31: =APPROX_ONE_IN_X(1/G31) -> 1 in 1.72 | N31: =APPROX_ONE_IN_X(1/H31) -> 1 in 3.23 | O31: =APPROX_ONE_IN_X(1/I31) -> 1 in 7.5
B32: 270 | E32: =CHANCE_TO_GET_ATLEAST_X($B32,RATE,'__CopiesRequired'!C29) -> 1 | F32: =CHANCE_TO_GET_ATLEAST_X($B32,RATE,'__CopiesRequired'!D29) -> 0.86900969 | G32: =CHANCE_TO_GET_ATLEAST_X($B32,RATE,'__CopiesRequired'!E29) -> 0.60174987 | H32: =CHANCE_TO_GET_ATLEAST_X($B32,RATE,'__CopiesRequired'!F29) -> 0.33011425 | I32: =CHANCE_TO_GET_ATLEAST_X($B32,RATE,'__CopiesRequired'!G29) -> 0.1467431 | K32: =APPROX_ONE_IN_X(1/E32) -> 1 in 1 | L32: =APPROX_ONE_IN_X(1/F32) -> 1 in 1.15 | M32: =APPROX_ONE_IN_X(1/G32) -> 1 in 1.66 | N32: =APPROX_ONE_IN_X(1/H32) -> 1 in 3.03 | O32: =APPROX_ONE_IN_X(1/I32) -> 1 in 6.81
B33: 280 | E33: =CHANCE_TO_GET_ATLEAST_X($B33,RATE,'__CopiesRequired'!C30) -> 1 | F33: =CHANCE_TO_GET_ATLEAST_X($B33,RATE,'__CopiesRequired'!D30) -> 0.87850894 | G33: =CHANCE_TO_GET_ATLEAST_X($B33,RATE,'__CopiesRequired'!E30) -> 0.62144977 | H33: =CHANCE_TO_GET_ATLEAST_X($B33,RATE,'__CopiesRequired'!F30) -> 0.35046926 | I33: =CHANCE_TO_GET_ATLEAST_X($B33,RATE,'__CopiesRequired'!G30) -> 0.16071464 | K33: =APPROX_ONE_IN_X(1/E33) -> 1 in 1 | L33: =APPROX_ONE_IN_X(1/F33) -> 1 in 1.14 | M33: =APPROX_ONE_IN_X(1/G33) -> 1 in 1.61 | N33: =APPROX_ONE_IN_X(1/H33) -> 1 in 2.85 | O33: =APPROX_ONE_IN_X(1/I33) -> 1 in 6.22
B34: 290 | E34: =CHANCE_TO_GET_ATLEAST_X($B34,RATE,'__CopiesRequired'!C31) -> 1 | F34: =CHANCE_TO_GET_ATLEAST_X($B34,RATE,'__CopiesRequired'!D31) -> 0.88731932 | G34: =CHANCE_TO_GET_ATLEAST_X($B34,RATE,'__CopiesRequired'!E31) -> 0.64038683 | H34: =CHANCE_TO_GET_ATLEAST_X($B34,RATE,'__CopiesRequired'!F31) -> 0.37075149 | I34: =CHANCE_TO_GET_ATLEAST_X($B34,RATE,'__CopiesRequired'!G31) -> 0.17514701 | K34: =APPROX_ONE_IN_X(1/E34) -> 1 in 1 | L34: =APPROX_ONE_IN_X(1/F34) -> 1 in 1.13 | M34: =APPROX_ONE_IN_X(1/G34) -> 1 in 1.56 | N34: =APPROX_ONE_IN_X(1/H34) -> 1 in 2.7 | O34: =APPROX_ONE_IN_X(1/I34) -> 1 in 5.71
B35: 300 | E35: =CHANCE_TO_GET_ATLEAST_X($B35,RATE,'__CopiesRequired'!C32) -> 1 | F35: =CHANCE_TO_GET_ATLEAST_X($B35,RATE,'__CopiesRequired'!D32) -> 0.89549077 | G35: =CHANCE_TO_GET_ATLEAST_X($B35,RATE,'__CopiesRequired'!E32) -> 0.6585681 | H35: =CHANCE_TO_GET_ATLEAST_X($B35,RATE,'__CopiesRequired'!F32) -> 0.39091112 | I35: =CHANCE_TO_GET_ATLEAST_X($B35,RATE,'__CopiesRequired'!G32) -> 0.18999983 | K35: =APPROX_ONE_IN_X(1/E35) -> 1 in 1 | L35: =APPROX_ONE_IN_X(1/F35) -> 1 in 1.12 | M35: =APPROX_ONE_IN_X(1/G35) -> 1 in 1.52 | N35: =APPROX_ONE_IN_X(1/H35) -> 1 in 2.56 | O35: =APPROX_ONE_IN_X(1/I35) -> 1 in 5.26
B36: 310 | E36: =CHANCE_TO_GET_ATLEAST_X($B36,RATE,'__CopiesRequired'!C33) -> 1 | F36: =CHANCE_TO_GET_ATLEAST_X($B36,RATE,'__CopiesRequired'!D33) -> 0.90306965 | G36: =CHANCE_TO_GET_ATLEAST_X($B36,RATE,'__CopiesRequired'!E33) -> 0.67600359 | H36: =CHANCE_TO_GET_ATLEAST_X($B36,RATE,'__CopiesRequired'!F33) -> 0.41090253 | I36: =CHANCE_TO_GET_ATLEAST_X($B36,RATE,'__CopiesRequired'!G33) -> 0.20523219 | K36: =APPROX_ONE_IN_X(1/E36) -> 1 in 1 | L36: =APPROX_ONE_IN_X(1/F36) -> 1 in 1.11 | M36: =APPROX_ONE_IN_X(1/G36) -> 1 in 1.48 | N36: =APPROX_ONE_IN_X(1/H36) -> 1 in 2.43 | O36: =APPROX_ONE_IN_X(1/I36) -> 1 in 4.87
B37: 320 | E37: =CHANCE_TO_GET_ATLEAST_X($B37,RATE,'__CopiesRequired'!C34) -> 1 | F37: =CHANCE_TO_GET_ATLEAST_X($B37,RATE,'__CopiesRequired'!D34) -> 0.91009891 | G37: =CHANCE_TO_GET_ATLEAST_X($B37,RATE,'__CopiesRequired'!E34) -> 0.69270586 | H37: =CHANCE_TO_GET_ATLEAST_X($B37,RATE,'__CopiesRequired'!F34) -> 0.43068425 | I37: =CHANCE_TO_GET_ATLEAST_X($B37,RATE,'__CopiesRequired'!G34) -> 0.22080297 | K37: =APPROX_ONE_IN_X(1/E37) -> 1 in 1 | L37: =APPROX_ONE_IN_X(1/F37) -> 1 in 1.1 | M37: =APPROX_ONE_IN_X(1/G37) -> 1 in 1.44 | N37: =APPROX_ONE_IN_X(1/H37) -> 1 in 2.32 | O37: =APPROX_ONE_IN_X(1/I37) -> 1 in 4.53
... B105: 1000 | E105: =CHANCE_TO_GET_ATLEAST_X($B105,RATE,'__CopiesRequired'!C102) -> 1 | F105: =CHANCE_TO_GET_ATLEAST_X($B105,RATE,'__CopiesRequired'!D102) -> 1 | G105: =CHANCE_TO_GET_ATLEAST_X($B105,RATE,'__CopiesRequired'!E102) -> 1 | H105: =CHANCE_TO_GET_ATLEAST_X($B105,RATE,'__CopiesRequired'!F102) -> 1 | I105: =CHANCE_TO_GET_ATLEAST_X($B105,RATE,'__CopiesRequired'!G102) -> 1 | K105: =APPROX_ONE_IN_X(1/E105) -> 1 in 1 | L105: =APPROX_ONE_IN_X(1/F105) -> 1 in 1 | M105: =APPROX_ONE_IN_X(1/G105) -> 1 in 1 | N105: =APPROX_ONE_IN_X(1/H105) -> 1 in 1 | O105: =APPROX_ONE_IN_X(1/I105) -> 1 in 1

Sheet __CopiesRequired
C1: Total copies needed from to reach limit break minus sparks
A2: pulls | B2: spark copies | C2: 0 LB | D2: 1 LB | E2: 2 LB | F2: 3 LB | G2: 4 LB / MLB
A3: 10 | B3: =FLOOR(A3/200,1) -> 0 | C3: =MAX(0, 1-$B3) -> 1 | D3: =MAX(0, 2-$B3) -> 2 | E3: =MAX(0, 3-$B3) -> 3 | F3: =MAX(0, 4-$B3) -> 4 | G3: =MAX(0, 5-$B3) -> 5
A4: 20 | B4: =FLOOR(A4/200,1) -> 0 | C4: =MAX(0, 1-$B4) -> 1 | D4: =MAX(0, 2-$B4) -> 2 | E4: =MAX(0, 3-$B4) -> 3 | F4: =MAX(0, 4-$B4) -> 4 | G4: =MAX(0, 5-$B4) -> 5
A5: 30 | B5: =FLOOR(A5/200,1) -> 0 | C5: =MAX(0, 1-$B5) -> 1 | D5: =MAX(0, 2-$B5) -> 2 | E5: =MAX(0, 3-$B5) -> 3 | F5: =MAX(0, 4-$B5) -> 4 | G5: =MAX(0, 5-$B5) -> 5
A6: 40 | B6: =FLOOR(A6/200,1) -> 0 | C6: =MAX(0, 1-$B6) -> 1 | D6: =MAX(0, 2-$B6) -> 2 | E6: =MAX(0, 3-$B6) -> 3 | F6: =MAX(0, 4-$B6) -> 4 | G6: =MAX(0, 5-$B6) -> 5
A7: 50 | B7: =FLOOR(A7/200,1) -> 0 | C7: =MAX(0, 1-$B7) -> 1 | D7: =MAX(0, 2-$B7) -> 2 | E7: =MAX(0, 3-$B7) -> 3 | F7: =MAX(0, 4-$B7) -> 4 | G7: =MAX(0, 5-$B7) -> 5
A8: 60 | B8: =FLOOR(A8/200,1) -> 0 | C8: =MAX(0, 1-$B8) -> 1 | D8: =MAX(0, 2-$B8) -> 2 | E8: =MAX(0, 3-$B8) -> 3 | F8: =MAX(0, 4-$B8) -> 4 | G8: =MAX(0, 5-$B8) -> 5
A9: 70 | B9: =FLOOR(A9/200,1) -> 0 | C9: =MAX(0, 1-$B9) -> 1 | D9: =MAX(0, 2-$B9) -> 2 | E9: =MAX(0, 3-$B9) -> 3 | F9: =MAX(0, 4-$B9) -> 4 | G9: =MAX(0, 5-$B9) -> 5
A10: 80 | B10: =FLOOR(A10/200,1) -> 0 | C10: =MAX(0, 1-$B10) -> 1 | D10: =MAX(0, 2-$B10) -> 2 | E10: =MAX(0, 3-$B10) -> 3 | F10: =MAX(0, 4-$B10) -> 4 | G10: =MAX(0, 5-$B10) -> 5
A11: 90 | B11: =FLOOR(A11/200,1) -> 0 | C11: =MAX(0, 1-$B11) -> 1 | D11: =MAX(0, 2-$B11) -> 2 | E11: =MAX(0, 3-$B11) -> 3 | F11: =MAX(0, 4-$B11) -> 4 | G11: =MAX(0, 5-$B11) -> 5
A12: 100 | B12: =FLOOR(A12/200,1) -> 0 | C12: =MAX(0, 1-$B12) -> 1 | D12: =MAX(0, 2-$B12) -> 2 | E12: =MAX(0, 3-$B12) -> 3 | F12: =MAX(0, 4-$B12) -> 4 | G12: =MAX(0, 5-$B12) -> 5
A13: 110 | B13: =FLOOR(A13/200,1) -> 0 | C13: =MAX(0, 1-$B13) -> 1 | D13: =MAX(0, 2-$B13) -> 2 | E13: =MAX(0, 3-$B13) -> 3 | F13: =MAX(0, 4-$B13) -> 4 | G13: =MAX(0, 5-$B13) -> 5
A14: 120 | B14: =FLOOR(A14/200,1) -> 0 | C14: =MAX(0, 1-$B14) -> 1 | D14: =MAX(0, 2-$B14) -> 2 | E14: =MAX(0, 3-$B14) -> 3 | F14: =MAX(0, 4-$B14) -> 4 | G14: =MAX(0, 5-$B14) -> 5
... A102: 1000 | B102: =FLOOR(A102/200,1) -> 5 | C102: =MAX(0, 1-$B102) -> 0 | D102: =MAX(0, 2-$B102) -> 0 | E102: =MAX(0, 3-$B102) -> 0 | F102: =MAX(0, 4-$B102) -> 0 | G102: =MAX(0, 5-$B102) -> 0
